"tweet_id","username","full_name","full_text","view_count","bookmark_count","favorite_count","reply_count","retweet_count","quote_count","is_quote_status","lang","bookmarked","favorited","retweeted","created_at","user_mentions","can_dm","can_media_tag","bio","website","followers_count","following_count","media_count","statuses_count","favourites_count","listed_count","fast_followers_count","normal_followers_count","followed_by","following","location","profile_banner_url","profile_url","avatar_url","verified","is_blue_verified","user_created_at"
"1709590217508917730","yabhishekhd","Abhishek Yadav","Happy overprice day 😂

Google Pixel 8 series
Samsung Galaxy S23 FE
Vivo V29 series","106066",14,1895,109,101,10,false,"en",false,false,false,"2023-10-04","",true,true,"Covering - smartphones📱
#Technology #Android #Apple | Trying to cover #EV 
Tips DM📥
E-Mail: yabhishekhd @ protonmail .com","",123092,199,8879,28166,61392,229,0,123092,,,"🌍","https://pbs.twimg.com/profile_banners/1181389714831462401/1574943118","https://www.twitter.com/yabhishekhd","https://pbs.twimg.com/profile_images/1412767684362526725/YASj-xWm_normal.jpg",false,true,"2019-10-08"
"1708686336746737945","bruleemilktea","•z•","Hangyul bought a new handphone! He is using Samsung Galaxy S23 Plus now 👍🏻He is still a loyal Samsung fan lel","2441",0,24,1,4,1,false,"en",false,false,false,"2023-10-02","",true,false,"𝓗𝓪𝓷𝓰𝔂𝓾𝓵 🐯 #아천강버블왔다 | 𝓦𝓞𝓞𝓓𝓩 🦊 #무즈일기 𝓔𝓷𝓽𝓱𝓾𝓼𝓲𝓪𝓼𝓽  🇲🇾","https://wingsforx1.com/",304,193,3112,48806,32859,2,0,304,,,"","https://pbs.twimg.com/profile_banners/981200196355817472/1687423076","https://www.twitter.com/bruleemilktea","https://pbs.twimg.com/profile_images/1672559865183744002/_4bXEXax_normal.jpg",false,false,"2018-04-03"
"1709502212614041959","heyitsyogesh","Yogesh Brar","Samsung Galaxy S23 FE

- 6.4"" FHD+ AMOLED, 120Hz
- Exynos 2200 SoC
- 50MP (OIS) + 12MP + 8MP (Tele)
- 10MP selfie
- Android 13 (upgradeable till A17)
- IP68 rating
- 4,500mAh, 25W setup

Pricing:
- 8/128GB : ₹59,999
- 8/256GB : ₹64,999

₹10k HDFC discount

Delivery: October 7","22490",7,348,16,16,2,false,"en",false,false,false,"2023-10-04","",true,true,"Data Engineer | Occasional tech contributor| 📩 Tips via DM or Telegram (ybr101)","",24842,210,1478,10849,11493,109,0,24842,,,"New Delhi, India","https://pbs.twimg.com/profile_banners/298540275/1601671533","https://www.twitter.com/heyitsyogesh","https://pbs.twimg.com/profile_images/1283469617667571713/iYcHqpw8_normal.jpg",false,true,"2011-05-14"
"1709835748600430754","apkhellocom","APKHello","Samsung's Galaxy S23 FE, to be updated till 2027, ensuring users of Android 14, 15, 16 &amp; 17. An affordable option for long-term use. #SamsungGalaxy #AndroidUpdates","72",0,1,0,0,0,false,"en",false,false,false,"2023-10-05","",true,true,"APKHello - Your reliable APK Downloader website with a vast selection of Android apps. Free, unrestricted access to APK files worldwide.","https://apkhello.com",13,25,0,247,0,0,0,13,,,"4 PEABODY RD ANX, NH, 03038USA","https://pbs.twimg.com/profile_banners/1680829896468353024/1691545916","https://www.twitter.com/apkhellocom","https://pbs.twimg.com/profile_images/1680830466289696768/bYSjjYdc_normal.png",false,false,"2023-07-17"
"1709513488635486396","yabhishekhd","Abhishek Yadav","Vivo V29, V29 Pro and Samsung Galaxy S23 FE are definitely priced on the higher side. 😵‍💫","13842",2,266,20,13,0,false,"en",false,false,false,"2023-10-04","",true,true,"Covering - smartphones📱
#Technology #Android #Apple | Trying to cover #EV 
Tips DM📥
E-Mail: yabhishekhd @ protonmail .com","",123092,199,8879,28166,61392,229,0,123092,,,"🌍","https://pbs.twimg.com/profile_banners/1181389714831462401/1574943118","https://www.twitter.com/yabhishekhd","https://pbs.twimg.com/profile_images/1412767684362526725/YASj-xWm_normal.jpg",false,true,"2019-10-08"
"1709630672350908673","MasterLeytrx","Leytrx","Hey @FourthwallHQ, are there plans to update the Phone Case product catalogue to include the iPhone 15 Series and the Samsung Galaxy S23 Series phones? I have several fans asking for those phones as they recently upgraded, but I have nothing to offer at the moment","408",0,2,0,0,0,false,"en",false,false,false,"2023-10-04","FourthwallHQ",true,false,"he/him | I’m the Keyblade Guy | 24 | Founder of @KeybladeForge | Lead Graphic Designer @WoCGamingLLC | masterleytrx on Discord","https://threads.net/t/@masterleytrx",4568,221,2645,18917,51691,22,0,4568,,,"The World that Never Was","https://pbs.twimg.com/profile_banners/1437059910/1685968215","https://www.twitter.com/MasterLeytrx","https://pbs.twimg.com/profile_images/1710119456377081856/MKTqg87Q_normal.jpg",false,false,"2013-05-18"
"1710030094532567148","Patypatwow","Pat","Verkaufe:

Samsung Galaxy Z Fold 5, Schwarz mit 512GB und Strap Case. Neuwertiger Zustand.

Samsung Galaxy S23 Ultra, Schwarz mit 512GB und zwei Hüllen, mit Folie auf dem Display. Wie neu.

Nothing Phone 2, Grau mit 256GB, Hülle + Folien hinten und vorne. Wie neu.","916",0,5,4,4,0,false,"de",false,false,false,"2023-10-06","",true,true,"Wo ist der rote Faden?
Ich mag Schlagzeug und Pingpong, und als Ausgleich Technik oder umgekehrt 😬","",200,341,1076,3916,6056,0,0,200,,,"München","https://pbs.twimg.com/profile_banners/1251064457058492416/1587112577","https://www.twitter.com/Patypatwow","https://pbs.twimg.com/profile_images/1251065216961568768/ZwaIFGy2_normal.jpg",false,false,"2020-04-17"
"1708976488584745465","Tonysamsunglove","Tony tech","get ready Samsung Galaxy S23 FE 🤣 
not to mention Exynos rubbish what a ruiner of the experience. left and right lag and slowdowns. In my opinion, everything in the Samsung warehouse remains a big flop  😅","348",0,7,0,1,0,false,"en",false,false,false,"2023-10-03","",false,false,"I LOVE SAMSUNG products and software 🥰🥰 rumors one ui 6.0 e one ui watch 5.0. 

s23 ultra + watch 4 + buds 2 + book 2","",1091,5000,183,1301,3082,1,0,1091,,,"Italy","https://pbs.twimg.com/profile_banners/1663978804795064334/1693123218","https://www.twitter.com/Tonysamsunglove","https://pbs.twimg.com/profile_images/1663978937687392265/Vl_ly0b8_normal.jpg",false,false,"2023-06-01"
"1709585493346652396","sanujbhatiaa","Sanuj Bhatia","#Samsung Galaxy S23 FE at INR 59,999 and #Google Pixel 8 at 75,999 — not a good day for the Indian smartphone market.","627",0,9,1,1,0,false,"en",false,false,false,"2023-10-04","",true,true,"Managing Editor @PocketNow • Reachable at sanuj@pocketnow.com","https://pocketnow.com/author/sanuj.bhatia",472,810,227,1183,21827,1,0,472,,,"Delhi NCR","https://pbs.twimg.com/profile_banners/1234966360515416064/1659000232","https://www.twitter.com/sanujbhatiaa","https://pbs.twimg.com/profile_images/1277225063461212160/hkE3SvcS_normal.jpg",false,true,"2020-03-04"
"1710016762220023972","wtfmafakas","kipo comics","should i buy the samsung galaxy s23 ultra 🤓","320",0,0,1,0,0,false,"en",false,false,false,"2023-10-06","",false,false,"heart
absolutely
i can","http://instagram.com/wtfmafakas",3966,666,26516,182458,43380,39,0,3966,,,"🏳️‍⚧️ | 22","https://pbs.twimg.com/profile_banners/1163045360/1675741462","https://www.twitter.com/wtfmafakas","https://pbs.twimg.com/profile_images/1592329123451441154/__5TTnP9_normal.jpg",false,false,"2013-02-09"
"1709094978876543126","CrunchKloud","Kloud Crunch","* Google Pixel 8 series

* Vivo V29 series

* Samsung Galaxy S23 FE:

* OnePlus Open

* Redmi Note 13 series
2/","367",0,4,2,2,0,false,"en",false,false,false,"2023-10-03","",true,true,"Kloud Crunch publication brings you the latest articles and news on the cloud, AI, technology and startups. #cloud #startup #technology #AI #marketing","http://kloudcrunch.com",114,349,1861,8443,4166,2,0,114,,,"Seattle, WA","https://pbs.twimg.com/profile_banners/1368022832425230346/1648162261","https://www.twitter.com/CrunchKloud","https://pbs.twimg.com/profile_images/1507127829162389533/fVN-SS_9_normal.jpg",false,false,"2021-03-06"
"1710151937566630031","TechLover72828","Nicky Techy","@encoword @SujithDifferent 2nd one is iPhone? And the first one is Samsung Galaxy S23 Ultra?","44",0,1,1,3,0,false,"en",false,false,false,"2023-10-06","encoword; SujithDifferent",true,true,"","",7,216,11,354,1867,1,0,7,,,"",,"https://www.twitter.com/TechLover72828","https://pbs.twimg.com/profile_images/1584830456050372608/3UuQjS1O_normal.jpg",false,false,"2022-10-23"
"1708724557597610238","mhnangel","Lizeth Noriega","@ZeRoMMX @ZakAbumi @MovistarMX @SupportLTE Es frecuente que baje a 4G  se tiene que forzar el 4.5G, el mío es un Samsung Galaxy S23  con esim Telcel y sim física Movistar","472",0,1,2,2,0,false,"es",false,false,false,"2023-10-02","ZeRoMMX; ZakAbumi; MovistarMX; SupportLTE",true,false,"🏳️‍🌈✨Trans!✨🏳️‍🌈 She/Her/ella 😘","",35,420,88,206,2115,0,0,35,,,"Querétaro, Querétaro Arteaga","https://pbs.twimg.com/profile_banners/66142799/1586973991","https://www.twitter.com/mhnangel","https://pbs.twimg.com/profile_images/1686908792917635072/7KTG_Bdr_normal.jpg",false,false,"2009-08-16"
"1709552668203479342","Mtu_Wa_Mjengoo","Mtu wa Mjengoo","Samsung Galaxy S23 Ultra nayo ni beast.","121",0,10,0,3,0,false,"tl",false,false,false,"2023-10-04","",true,false,"here for fun,football and business 👱‍♂️
*am dating a virgin*😍
This is my diary of life🤩","",5198,2707,702,19325,48955,2,0,5198,,,"Mjengoo FC","https://pbs.twimg.com/profile_banners/1278255555455393792/1695810704","https://www.twitter.com/Mtu_Wa_Mjengoo","https://pbs.twimg.com/profile_images/1706979781856616448/TEREVPDw_normal.jpg",false,false,"2020-07-01"
"1707164976513778049","PICKLEDT0ES","binbun","okay i may or may not have just bought a samsung galaxy s23 ultra. i feel insane that was so much money","149",0,2,2,0,0,false,"en",false,false,false,"2023-09-28","",true,false,"seo changbin 🫡💪👊✊🤝","https://rentry.co/NEVERM0RE",55,159,4124,33851,76971,6,0,55,,,"kenzie, she/they, 21","https://pbs.twimg.com/profile_banners/1234977752622739458/1689202175","https://www.twitter.com/PICKLEDT0ES","https://pbs.twimg.com/profile_images/1676734715326242821/2b4OGOi8_normal.jpg",false,false,"2020-03-04"
"1709506264261103961","khezajoel","KJM","5 best high- performance phones you can't ignore.

1. iphone 14 pro max
2. Samsung Galaxy S23 Ultra
3. Google Pixel 7 Pro
4. Xiaomi 12 Pro 5G
5. Samsung Galaxy Z Fold 4","414",0,8,1,0,0,false,"en",false,false,false,"2023-10-04","",true,false,"the sun is out. | tech enthusiast | tech student | Hustlepreneur |","http://www.lovekheza.com",18205,5655,193,10267,48869,4,0,18205,,,"kla","https://pbs.twimg.com/profile_banners/1202290753168379904/1696437921","https://www.twitter.com/khezajoel","https://pbs.twimg.com/profile_images/1707430948919300100/iBOPMWfl_normal.jpg",false,true,"2019-12-04"
"1707272071204745462","daniesimpson_","Danie","I've had every Samsung Galaxy since the S3 in 2012, I now have the S23 Ultra...

Q. Do I get the iPhone 15 Max?","868",0,14,7,1,0,false,"en",false,false,false,"2023-09-28","",false,true,"a girl, her cars and a dog named Mars🩵       
Streaming Live on: https://t.co/zEP7OS0HMc","http://daniesimpson.info",605,85,224,518,278,0,0,605,,,"Queensland, Australia","https://pbs.twimg.com/profile_banners/1309764119151562753/1671161474","https://www.twitter.com/daniesimpson_","https://pbs.twimg.com/profile_images/1699564443628380160/2vNTQtfw_normal.jpg",false,true,"2020-09-26"
"1707415065329066411","KatelikeChate","Ms.Kate 🐢","Samsung Galaxy S23 Ultra should be some on flash sale for this year's black Friday. 
We are talking K5. 😌😅
I've already started saving.","289",0,2,1,1,0,false,"en",false,false,false,"2023-09-28","",true,false,"• Galatians 2:20 | Grateful | I like drones","https://bio.site/LimpandRobe",156,335,18,595,5225,0,0,156,,,"At the Feet of Jesus","https://pbs.twimg.com/profile_banners/1336225338565812225/1671437573","https://www.twitter.com/KatelikeChate","https://pbs.twimg.com/profile_images/1609946318499184641/fgP0G2TZ_normal.jpg",false,false,"2020-12-08"
"1708025972669526062","jojameow","🌙","Want to rent
WTR

Samsung Galaxy S23 Ultra for upcoming Coldplay concert

#COLDPLAYinKL #COLDPLAYinMalaysia","848",0,0,2,0,1,false,"en",false,false,false,"2023-09-30","",true,false,"May Allah invite each and everyone of us to His House🕋","",9,77,84,8985,8692,0,0,9,,,"","https://pbs.twimg.com/profile_banners/1098982803830497281/1672758608","https://www.twitter.com/jojameow","https://pbs.twimg.com/profile_images/1708029516025913345/bGO_SVZ0_normal.jpg",false,false,"2019-02-22"
"1709552950350327829","AvirattechGyan","Shubham S 🚩🇮🇳 𝕏","Samsung Galaxy S23 FE

- 6.4"" FHD+ AMOLED, 120Hz
- Exynos 2200 SoC
- 50MP (OIS) + 12MP + 8MP (Tele)
- 10MP selfie
- Android 13 (upgradeable till A17)
- IP68 rating
- 4,500mAh, 25W setup

Pricing:
- 8/128GB : ₹59,999
- 8/256GB : ₹64,999

₹10k HDFC discount

Delivery: October 7","84",0,0,1,0,0,false,"en",false,false,false,"2023-10-04","",false,true,"Marathi Mulga | शेतकरी 🧑‍🌾 | Tech-enthusiast | Researcher 👨‍💻|Gamer 🎮|PC Build 🖥️| Tech talks 🤖|avirattechgyan ® 𝕏 फुले शाहू आंबेडकर प्रेमी","",160,838,375,5070,5215,0,0,160,,,"Remote घेऊन कुठे पण 𝕏","https://pbs.twimg.com/profile_banners/1290146260339568642/1627376741","https://www.twitter.com/AvirattechGyan","https://pbs.twimg.com/profile_images/1602686691118309381/Wx-e2HC__normal.jpg",false,false,"2020-08-03"
"1707312374892417395","FrancisElecha","Benassi","Got the Samsung galaxy S23 Ultra and barely used it until yesterday at Stamford Bridge when i remembered the hype about the Camera. Brooooooo! My Iphone Camera was totally useless compared to what the Samsung could do from any distance. Kudos to them, i'll use it more now.","1906",0,27,2,7,3,false,"en",false,false,false,"2023-09-28","",false,true,"Husband, Father.","",9757,5235,7156,103281,19437,7,0,9757,,,"Somewhere","https://pbs.twimg.com/profile_banners/469298795/1694602807","https://www.twitter.com/FrancisElecha","https://pbs.twimg.com/profile_images/1672272868464263168/y29wixjt_normal.jpg",false,false,"2012-01-20"
"1710206363039609294","appletesterrus","Yaroslav Gavrilov ","Samsung Galaxy S23 FE review. Here we installed a 6.4-inch AMOLED display of our own production with a resolution of 2340 x 1080 pixels and support for 120 Hz. The main module has a resolution of 50 MP and an aperture of f/1.8, the telephoto for triple zoom is represented by an 8","5",0,0,1,0,0,false,"en",false,false,false,"2023-10-06","",false,true,"SQA engineer (iOS, iPadOS). I write interesting IT articles. Perfectionist. I love nature, cars architecture and abandoned objects.","",284,63,3000,151094,2187,0,0,284,,,"Москва, Россия","https://pbs.twimg.com/profile_banners/1406474814701854720/1640538977","https://www.twitter.com/appletesterrus","https://pbs.twimg.com/profile_images/1461613854157418500/8XjqbPW3_normal.jpg",false,false,"2021-06-20"
"1710131916165566685","tobitaricanof","Trang Lieu","Samsung Galaxy S23 Ultra unboxing.
You don't get a lot else, though. The Ultra shows up in what has become the norm for Samsung high-end phone packages - a thin as possible black cardboard box with a likeness of the handset printed on the lid in a corresponding colo
#GalaxyS23FE","467",0,0,2,0,0,false,"en",false,false,false,"2023-10-06","",false,true,"""Tech enthusiasts, this is your hub! Stay tuned for captivating discussions, hands-on experiences, and expert advice on cutting-edge technologies.""","",3655,88,23,75,60,0,0,3655,,,"","https://pbs.twimg.com/profile_banners/1645555811777941506/1681482861","https://www.twitter.com/tobitaricanof","https://pbs.twimg.com/profile_images/1646884268390612992/Dt18ddKq_normal.jpg",false,false,"2023-04-11"
"1708550328831082596","ZeeTechExplorer","Zee Tech Explorer","Which new smartphone are you most excited about in October? 🤔

Google Pixel 8, Samsung Galaxy S23 FE, OnePlus Open, and more are all rumored to launch this month. Stay tuned for all the latest news and announcements! 

#smartphoneseason #Octoberlaunches #Pixel8Pro #Pixel8…","753",0,6,2,1,0,false,"en",false,false,false,"2023-10-02","",false,true,"Tech explorer | Tech Writer & Creator | Latest tech news & reviews, including Apple, iOS, and Android updates. Follow me for the latest in tech!","http://www.youtube.com/@zeetechexplorer",115,166,139,1062,962,0,0,115,,,"Pakistan","https://pbs.twimg.com/profile_banners/1702597942526541824/1694791065","https://www.twitter.com/ZeeTechExplorer","https://pbs.twimg.com/profile_images/1702703207388966912/EfWNpNH__normal.jpg",false,true,"2023-09-15"
"1709767742184739110","dok_apokalypse","Doktor Apokalypse 🐦🏴󠁧󠁢󠁷󠁬󠁳󠁿🇬🇧🇺🇦🌈","@ConeOfArc @LinusTech Probably a full body vinyl wrap of a Samsung Galaxy S23 Ultra with Linus meme as the homescreen","1477",0,43,0,0,0,false,"en",false,false,false,"2023-10-05","ConeOfArc; LinusTech",false,true,"DokApok@universeodon.com (Mastodon)
u/Doktor_Apokalypse (Reddit)
@Dok_Apokalypse (Post)","",136,271,447,4786,17573,1,0,136,,,"Earth","https://pbs.twimg.com/profile_banners/24296541/1690728645","https://www.twitter.com/dok_apokalypse","https://pbs.twimg.com/profile_images/1685664228466683904/jC5Y13aN_normal.jpg",false,false,"2009-03-14"
"1709625937241981267","DavidCSinanan","David Sinanan","@CoachRamsay23 @No2WokeCanada @KayabagaArielle @GregFergus PlebThinker is another one hounding me. Few hundred thousand users. 6.12 million user base.

Hundreds of active threads. 1 Samsung Galaxy S23 Ultra. Unregulated Snapdragon 8th gen, fully custom software.","23",0,0,0,0,0,false,"en",false,false,false,"2023-10-04","CoachRamsay23; No2WokeCanada; KayabagaArielle; GregFergus",false,true,"Tattoos, reading, computers, movies, bikes.","",200,844,2,2268,2124,2,0,200,,,"",,"https://www.twitter.com/DavidCSinanan","https://pbs.twimg.com/profile_images/378800000235182395/97ea65bb933a69999b05c2d8a357d5d6_normal.jpeg",false,false,"2013-08-03"
"1708740046797316561","Hamnaa_Ptii","Hamna Ayan","Samsung Galaxy S23 Ultra or IPhone 13 pro max? 
Give honest opinion &amp; plz Retweet.","209",0,1,0,2,0,false,"en",false,false,false,"2023-10-02","",true,true,"Bio is on the way...","",879,1151,48,114,115,0,0,879,,,"Rawalpindi, Pakistan","https://pbs.twimg.com/profile_banners/1696117904591179777/1693221378","https://www.twitter.com/Hamnaa_Ptii","https://pbs.twimg.com/profile_images/1708853850940055552/XxNnTEQb_normal.jpg",false,false,"2023-08-28"
"1709623948214673889","Codyjayartistry","Cody Jay","Finally upgrading my phone. I hate getting a new phone haha. But my Samsung Galaxy s21 Ultra 5G has been paid off for 2 years, so I finally upgraded to the S23 version. Should be here Friday. I mainly upgraded because my storage is completely full and the new phone has double the…","355",0,4,1,0,0,false,"en",false,false,false,"2023-10-04","",false,false,"💄CERTIFIED PRO MUA TUTORIALS/TIPS
⚡️Social Media Coordinator
💰Owner Of Cody's Creator Academy
💖Youtube- @codyjayartistry
📽Tiktok- @codyjayartistry","http://www.youtube.com/codyjayy",9962,98,1606,9454,128337,14,0,9962,,,"United States","https://pbs.twimg.com/profile_banners/1077120263668543490/1686391047","https://www.twitter.com/Codyjayartistry","https://pbs.twimg.com/profile_images/1695646624326807552/MMhyVLVQ_normal.jpg",false,true,"2018-12-24"
"1708098249410629728","chouj8n","elyane","Premier tweet avec mon Samsung Galaxy S23 Ultra 🥸","750",0,8,3,0,1,false,"fr",false,false,false,"2023-09-30","",true,false,"Kiss-Shot Acerola-Orion Heart-Under-Blade","",102,141,187,2556,2070,0,0,102,,,"21","https://pbs.twimg.com/profile_banners/1670727834178924544/1696061716","https://www.twitter.com/chouj8n","https://pbs.twimg.com/profile_images/1708033273174061056/-ZBvp6P8_normal.jpg",false,false,"2023-06-19"
"1709381216896729584","SamsonUpdate","Samson One UI 6 #TeamGalaxy #OneUI","Samsung Galaxy S23 FE will be running thr One UI 5.1 out of the box. The S23 FE will be eligible for 4 major Android OS upgrades like other flagship phones.
#OneUI6 #GalaxyS23FE","4133",0,53,4,3,0,false,"en",false,false,false,"2023-10-04","",false,true,"Every info about Samsung One UI Updates. Not an official account. @SamsonUpdate linked @sfcnation
#OneUI #TeamGalaxy #UpdateForAll #GalaxyS23 #Samsung #OneUI6","",16284,4,785,2274,3091,25,0,16284,,,"worldwide","https://pbs.twimg.com/profile_banners/1480746975435771905/1665632452","https://www.twitter.com/SamsonUpdate","https://pbs.twimg.com/profile_images/1621218620058779648/2fHlmuyH_normal.jpg",false,false,"2022-01-11"
"1709050241591443648","PatelJay1104","J_A_Y  P_A_T_E_L","@android_fhd Yeah actually in beginning I was a iPhone user. Used iPhone 3gs, 4s, 6 and then switched to android(one plus 7) and used it for almost 4 years and then again bought android which was Samsung Galaxy S23. Now Androids are in neck to neck competition with iPhone, sometimes better","8449",0,60,2,0,0,false,"en",false,false,false,"2023-10-03","android_fhd",false,true,"कर्मण्येवाधिकारस्ते मा फलेषु कदाचन,
मा कर्मफलहेतुर्भूर्मा ते सङ्गोऽस्त्वकर्मणि ||","",105,297,280,4162,2228,1,0,105,,,"","https://pbs.twimg.com/profile_banners/470094675/1694336334","https://www.twitter.com/PatelJay1104","https://pbs.twimg.com/profile_images/1646392288258711552/JUY-7kFJ_normal.jpg",false,false,"2012-01-21"
"1708500261000388985","encoword","Anir Chakraborty","Some common questions you all ask in my DM which let me answer here for convenience 🔥

[ If you have any query hearing my answers then feel free to ask ]
Repost and spread it🙏

1) Samsung Galaxy S23 Ultra or Vivo X90 Pro in sales ??
-&gt; Samsung Galaxy S23 Ultra

2) Nothing Phone…","12727",4,100,14,14,1,false,"en",false,false,false,"2023-10-01","",true,true,"Tech Researcher🔥!! On a Mission of Building an Honest Tech Community🔥!! Join: https://t.co/dv83cBkBeW !! Query: encoword@gmail.com","",8287,625,1982,26017,97021,17,0,8287,,,"Kolkata, India","https://pbs.twimg.com/profile_banners/1494174670731366401/1694790250","https://www.twitter.com/encoword","https://pbs.twimg.com/profile_images/1702699837622505472/Pnhh5si3_normal.jpg",false,true,"2022-02-17"
"1708408321110380959","yabhishekhd","Abhishek Yadav","Samsung Galaxy S23 FE with shitty Exynos 🌋","39565",2,598,45,19,4,false,"en",false,false,false,"2023-10-01","",true,true,"Covering - smartphones📱
#Technology #Android #Apple | Trying to cover #EV 
Tips DM📥
E-Mail: yabhishekhd @ protonmail .com","",123092,199,8879,28166,61392,229,0,123092,,,"🌍","https://pbs.twimg.com/profile_banners/1181389714831462401/1574943118","https://www.twitter.com/yabhishekhd","https://pbs.twimg.com/profile_images/1412767684362526725/YASj-xWm_normal.jpg",false,true,"2019-10-08"
"1709477804482703417","utsavtechie","Utsav Techie","Samsung Galaxy S23 FE

Qualcomm Snapdragon 8 Gen 1 (US)

Exynos 2200 (Global)","8797",0,239,11,6,2,false,"de",false,false,false,"2023-10-04","",true,true,"Tech Creator on YouTube","http://YouTube.com/utsavtechie",104250,578,6220,28157,61712,186,0,104250,,,"India ","https://pbs.twimg.com/profile_banners/3138826796/1605093743","https://www.twitter.com/utsavtechie","https://pbs.twimg.com/profile_images/1629871729999847428/cjokamJ__normal.jpg",false,true,"2015-04-04"
"1710096323217969297","GaryJessop3","Coyote Gary","@andrewjclare Samsung galaxy s23 ultra looks better","360",0,3,0,0,0,false,"en",false,false,false,"2023-10-06","andrewjclare",false,true,"FWA internet service Coyote Comunicatons","http://www.coyoteinternet.com",56,346,23,1084,5475,0,0,56,,,"Cheyenne wyoming","https://pbs.twimg.com/profile_banners/987223265826320384/1650175204","https://www.twitter.com/GaryJessop3","https://pbs.twimg.com/profile_images/1515570723263287298/YU2ZdIyt_normal.jpg",false,false,"2018-04-20"
"1709373712213111232","KingLos022","kingLos021","@Boost_Infinite It's a waste don't get it the iPhone sucks I just got the samsung galaxy s23 ultra and the samsung galaxy watch 6 the best two purchases of my life","413",0,2,0,3,0,false,"en",false,false,false,"2023-10-04","Boost_Infinite",false,true,"HIIIII I’m a streamer with 35 subscribers for now go show some love & support to my Youtube Channel please & thank u❤","https://youtube.com/channel/UCfDOOtufY0J4YTFxI30MAsQ",751,5001,134,3232,28087,4,0,751,,,"Waukesha, WI","https://pbs.twimg.com/profile_banners/1442532795109109764/1656619682","https://www.twitter.com/KingLos022","https://pbs.twimg.com/profile_images/1526618965950218240/6Y-WuGFK_normal.jpg",false,false,"2021-09-27"
"1707265814125248616","MelancholyYuuki","Yuuki but a Melon","I say I want the new iPhone but if anything I actually just want the new Samsung galaxy s23+, or even the ultra 🤪

Plus student discount 🤔

Oh well","91",0,3,0,0,0,false,"en",false,false,false,"2023-09-28","",false,true,"congrats, you found me. not too hard, I guess. but still. https://t.co/IOki9RNFSy

@MysticalYuuki's side acc. secret but not 

retweets ok if you really want to, idc","http://youtube.com/@Yuuuuki",17,1,37,515,153,0,0,17,,,"","https://pbs.twimg.com/profile_banners/1498714220812468224/1650145948","https://www.twitter.com/MelancholyYuuki","https://pbs.twimg.com/profile_images/1512424258697592837/TuNvhhV5_normal.png",false,false,"2022-03-01"
"1708535800491651091","TechoMax","TechoMax","Pixel's growth in Japan hints at challenging the Samsung Galaxy S23 Ultra as an iPhone 15 Pro competitor. The October 4th Pixel 8 launch is promising. If Google fixes overheating, battery, and camera, it could be a game-changer! 📱🔥 #Pixel8","619",0,4,1,0,0,false,"en",false,false,false,"2023-10-01","",false,true,"TechoMax: Tech news, reviews, and opinions from real people, for real people. We love tech as much as you do, and we're here to help you make the most of it.","http://techo-max.com",49,29,181,540,75,1,0,49,,,"India","https://pbs.twimg.com/profile_banners/1697084400/1693117950","https://www.twitter.com/TechoMax","https://pbs.twimg.com/profile_images/1695685959378223104/bWsk1T0o_normal.jpg",false,false,"2013-08-24"
"1708652802703016068","Frakmv","Frakmv","I don't know if it is due to the capture quality of the beta users but the emojis are seen with a low quality as if they were at 240p quality because they are blurry.  do they think the same? 

One UI 6 beta 5 | Samsung | Galaxy | S23 ultra | Android","371",0,0,0,0,0,false,"en",false,false,false,"2023-10-02","",false,true,"River Plate","",3,14,45,1665,3246,0,0,3,,,"Buenos Aires, Argentina","https://pbs.twimg.com/profile_banners/1433966113566638080/1659338385","https://www.twitter.com/Frakmv","https://pbs.twimg.com/profile_images/1703561141748703232/7_KIMY2J_normal.jpg",false,false,"2021-09-04"
"1708951551379976213","RoyaalThePhenom","Royal","@iPhone82017 @ThrOtherFrank @sondesix @dhsa184646 @subbytech And I support man. I'm not an iPhone hater ( I HAVE BOTH ) Like I said in this same thread but a lot earlier, ( I HAVE BOTH ) BUT MY PRIMARY IS THE BETTER PHONE (SAMSUNG GALAXY S23 ULTRA) Thr facts are that Samsung is the best overall/all-around and it ain't close. 

A fact.","43",0,0,2,0,0,false,"en",false,false,false,"2023-10-03","iPhone82017; ThrOtherFrank; sondesix; dhsa184646; subbytech",true,true,"Deleted at 3.8k • $34K+ Earned and Over 57 Gold Trophies in @callofduty | BL-A-SIAN 🇯🇲🇯🇵 
| Forgive me because I almost always wake up on 😈 time 🤦🏽‍♂️","",27,70,92,581,469,0,0,27,,,"In The Hyperbolic Time Chamber","https://pbs.twimg.com/profile_banners/1491112013728141313/1682899846","https://www.twitter.com/RoyaalThePhenom","https://pbs.twimg.com/profile_images/1681868878941667328/BV4jDFMs_normal.jpg",false,false,"2022-02-08"
"1708766857849659868","Wesley_Kibande","𝐖𝐞𝐬𝐥𝐞𝐲 𝐊𝐢𝐛𝐚𝐧𝐝𝐞","@Hylinee I am loyal to Samsung phones, I keep on upgrading since 2012 from the times of Samsung J1, J2, J3 😂 Right now I am using  Samsung Galaxy A34 5G. Hope one day I'll own Samsung Galaxy S22 or S23, or whichever latest brand.","1204",0,14,3,4,0,false,"en",false,false,false,"2023-10-02","Hylinee",true,true,"Diving deep into the tech universe 🌐 | Tech influencer sharing the latest trends and insights | Connect with me: +254705297905 | Let's shape our Future | AI","",176870,3436,8021,145354,161735,72,0,176870,,,"Kisumu |Vihiga, Hamisi| Qatar","https://pbs.twimg.com/profile_banners/1149291667054301186/1680166429","https://www.twitter.com/Wesley_Kibande","https://pbs.twimg.com/profile_images/1484578438186950660/IniL8C_c_normal.jpg",false,true,"2019-07-11"
"1709502351168659654","techiestreetin","Techie Street","Samsung Galaxy S23 FE

- 6.4"" FHD+ AMOLED, 120Hz
- Exynos 2200 SoC
- 50MP (OIS) + 12MP + 8MP (Tele)
- 10MP selfie
- Android 13 (upgradeable till A17)
- IP68 rating
- 4,500mAh, 25W setup

Pricing:
- 8/128GB : ₹59,999
- 8/256GB : ₹64,999

₹10k HDFC discount

Delivery: October 7","58",0,0,0,0,0,false,"en",false,false,false,"2023-10-04","",false,true,"","",181,96,1584,1736,193,0,0,181,,,"","https://pbs.twimg.com/profile_banners/832170643684618240/1577514590","https://www.twitter.com/techiestreetin","https://pbs.twimg.com/profile_images/1028518455811756032/hA4gzs5Z_normal.jpg",false,false,"2017-02-16"
"1709746788373053810","newlledkook","bixa se tu ver","Queria um Samsung Galaxy s23 😭🤧🥹","108",0,2,1,0,0,false,"in",false,false,false,"2023-10-05","",false,true,"Alguém faz o abstract do meu TCC?","",573,494,614,8372,36873,0,0,573,,,"Ananindeua, Brasil","https://pbs.twimg.com/profile_banners/990649340984221696/1695505256","https://www.twitter.com/newlledkook","https://pbs.twimg.com/profile_images/1588631854780932098/j85Ouj6u_normal.jpg",false,false,"2018-04-29"
"1710002569915810047","George_ventures","George’s Adventures","I'm overdue for a phone upgrade. My entire family and I all have iPhones. But I'm debating whether to upgrade to an iPhone 15 Pro/Pro Max, Samsung Galaxy S23 or Google Pixel 8?","225",0,3,1,0,0,false,"en",false,false,false,"2023-10-06","",false,true,"Foodie, travel enthusiast, sports fan. When I retire, I want to travel the USA & Canada in an RV.","",186,827,33,602,2877,2,0,186,,,"Nazareth, PA",,"https://www.twitter.com/George_ventures","https://pbs.twimg.com/profile_images/1631408379586400261/baPYErtj_normal.jpg",false,false,"2023-03-03"
"1709870457170825619","prajyotpro","Prajyot Khandeparkar","Samsung Galaxy S23 FE launched at INR 59000 😳

It is quite painfully to see how Apple has changed the competative market prices all over the places.","35",0,0,0,0,0,false,"en",false,false,false,"2023-10-05","",false,true,"I code to make world a better place. 😌
Har har Mahadev 🔱","http://www.prajyotkhandeparkar.com",271,418,290,4520,3285,20,0,271,,,"Goa","https://pbs.twimg.com/profile_banners/40918953/1668945384","https://www.twitter.com/prajyotpro","https://pbs.twimg.com/profile_images/1675063987606798336/6HeqA9lQ_normal.jpg",false,false,"2009-05-18"
"1709597291760267561","MKM645257915774","MKM","@iHateApplee Samsung galaxy s23 ultra already makes Apple look stupid this year. But this is good.","74",0,1,1,1,0,false,"en",false,false,false,"2023-10-04","iHateApplee",true,true,"","",3,11,1,175,474,0,0,3,,,"",,"https://www.twitter.com/MKM645257915774","https://abs.twimg.com/sticky/default_profile_images/default_profile_normal.png",false,false,"2023-04-10"
"1709131183693701127","GTHindi","GT Hindi","Upcoming Launches😍:

📆4th October: 
Google Pixel 8 and Pixel 8 Pro
Google Pixel Watch 2
Samsung Galaxy S23 FE
vivo V29 and V29 Pro

📆5th October:
Samsung Galaxy Tab S9 FE
Samsung Galaxy Tab S9 FE+
Samsung Galaxy Buds FE

What are you waiting for?🤔","817",0,3,1,0,0,false,"en",false,false,false,"2023-10-03","",false,true,"Quality Tech Videos in Hindi. By team @GuidingTech. Produced by @mundhrashish","http://www.youtube.com/guidingtechhindi",5362,45,1862,3534,642,11,0,5362,,,"The Internet","https://pbs.twimg.com/profile_banners/790505779350544385/1518424773","https://www.twitter.com/GTHindi","https://pbs.twimg.com/profile_images/962969319561809921/SC5e0bOO_normal.jpg",false,false,"2016-10-24"
"1709757119766126787","samarth_91","samarth sevak","Happy overprice day 😂

Google Pixel 8 series
Samsung Galaxy S23 FE
Vivo V29 series

#overpriceday","192",0,0,0,0,0,false,"en",false,false,false,"2023-10-05","",false,true,"microsoft student partner / mozila student representative / MCA at SJPI (Gandhinagar) / CraveGyan magazine ( designer )","",78,125,89,1532,255,2,0,78,,,"Gandhinagar",,"https://www.twitter.com/samarth_91","https://pbs.twimg.com/profile_images/1614611116835078144/ymOAKcvL_normal.jpg",false,false,"2012-11-07"
"1707732668425646344","naman_nan","Naman Dwivedi (AndroWide)","Samsung Galaxy S23 FE next month launch ho raha hai, kuch ye features ho sakte hai.

6.4"" Dynamic AMOLED 2X
50MP+12MP+8MP UW? &amp; 10MP Front
SD 8 Gen 1 &amp; Exynos 2200 variant bhi ho sakta hai.

Early price guess kare?","4679",0,88,20,1,1,false,"en",false,false,false,"2023-09-29","",true,false,"A Father, A Tech Geek.

YT : https://t.co/MIXuaEZhGh  (351K+),
Instagram:  androwide (155K+)","https://www.youtube.com/@androwide",10769,306,3961,24523,40917,52,0,10769,,,"Noida, India","https://pbs.twimg.com/profile_banners/106999651/1643956668","https://www.twitter.com/naman_nan","https://pbs.twimg.com/profile_images/1467733949887627269/q3qiKB1e_normal.jpg",false,false,"2010-01-21"
"1707854109133472151","Nwatanwendidij","Mazi Simon Epka Epkerimaristic Emmanuel Godfrey","@Kay_kay4u @rutie_xx Why is Samsung  S23 Ultra more costly than Samsung Galaxy fold","258",0,0,1,0,0,false,"en",false,false,false,"2023-09-30","Kay_kay4u; rutie_xx",false,true,"I am Nwatanwendidi junior son of mazi Nnamdi knau, if its not about biafra don't come close to my wall","",273,234,1967,9550,29006,1,0,273,,,"Biafra Republic ","https://pbs.twimg.com/profile_banners/1400526395890089985/1696192692","https://www.twitter.com/Nwatanwendidij","https://pbs.twimg.com/profile_images/1651653996635987969/iD2JYmsj_normal.jpg",false,false,"2021-06-04"
"1709532799139447055","JokergamerV","JokerGamerV3","Upgraded from Samsung Galaxy S22 Ultra to S23 Ultra Having both phones, I have to say they definitely improved a lot of features and specs  feels smooth asf","58",0,1,1,0,0,false,"en",false,false,false,"2023-10-04","",false,false,"Variety streamer, content creator & podcast member of Three Guys and a Brit.

https://t.co/9Wo8BP1ioz
https://t.co/PeRa7JmX95","",144,268,767,2798,3580,1,0,144,,,"","https://pbs.twimg.com/profile_banners/1280155974893015040/1603040405","https://www.twitter.com/JokergamerV","https://pbs.twimg.com/profile_images/1675467386743341057/HoUKet_x_normal.jpg",false,false,"2020-07-06"
"1709510297218842876","GTHindi","GT Hindi","Samsung Galaxy S23 FE India Pricing😍:

➡️ ₹59,999 (8GB + 128GB)
➡️ ₹64,999 (8GB + 256GB)

What are your thoughts on the price?🤔

#SamsungGalaxyS23FE","181",0,4,0,0,0,false,"en",false,false,false,"2023-10-04","",false,true,"Quality Tech Videos in Hindi. By team @GuidingTech. Produced by @mundhrashish","http://www.youtube.com/guidingtechhindi",5362,45,1862,3534,642,11,0,5362,,,"The Internet","https://pbs.twimg.com/profile_banners/790505779350544385/1518424773","https://www.twitter.com/GTHindi","https://pbs.twimg.com/profile_images/962969319561809921/SC5e0bOO_normal.jpg",false,false,"2016-10-24"
"1709373480230428858","negativeonehero","Nguyen Phi Hung","So... the Samsung Galaxy FE 2023 lineup.
The Buds FE is attractive, the Tab S9 FE... good enough, with considerable cost-cutting.
The rest is outright questionable.
The S23 FE can't really compete with many phones at $600.
And the Tab S9+ FE competes with the base Tab S9🤦‍♂️","128",0,0,0,2,0,false,"en",false,false,false,"2023-10-04","",false,true,"A braindead person that just wants to talk about tech all day.
Trying to be open-minded, not with a**holes.","",3,13,45,195,11,0,0,3,,,"Viet Nam",,"https://www.twitter.com/negativeonehero","https://pbs.twimg.com/profile_images/1638192815305031682/Q0uXnVlw_normal.png",false,false,"2023-03-21"
"1709647322626548063","I_Chaytanya","Chaitanya","@amazonIN My Guesses:

One Plus Nord CE3 Lite 5G 
iPhone 13
Samsung M34
OnePlus 11R 5G
Red Mi 12 5G 
Realme Narzo 60x5G
Itel P55 Power 5G
Samsung Galaxy S23 FE 5G
Lava Agni 2 5G
iQOOZ7 Pro 5G 
Honor 90 5G 
Red Mi 12C 
Realme Narzo N53 

#ContestAlert
@amazonIN 

#AmazonSmartphoneDreamteam","46",0,0,0,0,0,false,"en",false,false,false,"2023-10-05","amazonIN; amazonIN",false,false,"BElieve in YOUrself 😎

#FanofDADA #DieHardFanofSRK #DevoteeofPSPK","",111,1013,442,13550,13859,0,0,111,,,"Hyderabad,India","https://pbs.twimg.com/profile_banners/228264856/1688936132","https://www.twitter.com/I_Chaytanya","https://pbs.twimg.com/profile_images/1692648023363608576/mdX_u2nv_normal.jpg",false,false,"2010-12-19"
"1706908433298129212","precious_twice","AD","@yoonglossm Samsung Galaxy S23 Ultra available for rent from Malaysia here 🥰","3892",11,15,0,3,0,false,"en",false,false,false,"2023-09-27","yoonglossm",true,false,"","https://www.carousell.com.my/u/ad_precioustwice/",8853,708,1370,52607,147679,48,0,8853,,,"","https://pbs.twimg.com/profile_banners/827429402501738496/1663348056","https://www.twitter.com/precious_twice","https://pbs.twimg.com/profile_images/1679501679815954433/jgkoarDH_normal.jpg",false,false,"2017-02-03"
"1709523556697043071","nenrybrand","Nenry Brand","Samsung's going all-in on its affordable FE range this year, with the company now unveiling cheaper variations for the Samsung Galaxy S23, the Samsung Galaxy Tab S9, and the Samsung Galaxy Buds 2.

We've not seen a new Galaxy FE phone since the Samsung Galaxy S21 FE launched in…","175",0,0,0,0,0,false,"en",false,false,false,"2023-10-04","",true,true,"Talents Manager, Music & Sports/ Founder and CEO of  Nenry Management Group!!!","https://www.youtube.com/nenrybrand",11109,2586,2932,26855,38335,9,0,11109,,,"Miami, FL Y Dominican Republic","https://pbs.twimg.com/profile_banners/701218920968101888/1604029417","https://www.twitter.com/nenrybrand","https://pbs.twimg.com/profile_images/1614109548859604992/TFetw2qc_normal.jpg",false,true,"2016-02-21"
"1709832283639644440","BlessingsAlisen","_official.ChimbalangaJnr_","iPhone 14 pro max or Samsung Galaxy S23 ultra which is the best phone ?","411",0,0,0,0,1,false,"en",false,false,false,"2023-10-05","",false,true,"Managing Director Hope of the Poor,non profit organization (charity organization)","http://www.hopeofthepoor2019.com",1095,2659,81,483,17,0,0,1095,,,"Karonga Malawi","https://pbs.twimg.com/profile_banners/854673084992937984/1613763870","https://www.twitter.com/BlessingsAlisen","https://pbs.twimg.com/profile_images/1645272621502660610/mSK73SqA_normal.jpg",false,false,"2017-04-19"
"1710131622094516726","tobitaricanof","Trang Lieu","Samsung Galaxy S23 Ultra specs at a glance:
Body: 163.4x78.1x8.9mm, 234g; Glass front (Gorilla Glass Victus 2), glass back (Gorilla Glass Victus 2), aluminum frame; IP68 dust/water resistant (up to 1.5m for 30 mins).
Display: 6.80"" Dynamic AMOLED 2X, 120Hz, HDR10+, 1750 nits (pea","466",0,0,1,0,0,false,"en",false,false,false,"2023-10-06","",false,true,"""Tech enthusiasts, this is your hub! Stay tuned for captivating discussions, hands-on experiences, and expert advice on cutting-edge technologies.""","",3655,88,23,75,60,0,0,3655,,,"","https://pbs.twimg.com/profile_banners/1645555811777941506/1681482861","https://www.twitter.com/tobitaricanof","https://pbs.twimg.com/profile_images/1646884268390612992/Dt18ddKq_normal.jpg",false,false,"2023-04-11"
"1709567286695305390","NooNiD_O","에리✵✨C SAW ME?!✨","Nagkecrave ako sa Samsung Galaxy S23 Ultra 256 GB na cellphone pero san ako hahanap ng pera?🥹","72",0,3,0,0,1,false,"tl",false,false,false,"2023-10-04","",true,false,"EXOL since jeje days🫣 /21🥹/
•••••••••🤍•••••••••
This Eri saw BBH/PCY🤍
•••••••••🤍•••••••••","",384,1241,943,7748,7890,0,0,384,,,"Kyungsoo's Forehead","https://pbs.twimg.com/profile_banners/1256208060/1686657245","https://www.twitter.com/NooNiD_O","https://pbs.twimg.com/profile_images/1708849086882021376/Tdus19IB_normal.jpg",false,false,"2013-03-10"
"1709091290296783002","GaryJessop3","Coyote Gary","@naseem_speach Samsung galaxy s23 ultra is definitely the only one I pick","69",0,0,0,1,0,false,"en",false,false,false,"2023-10-03","naseem_speach",false,true,"FWA internet service Coyote Comunicatons","http://www.coyoteinternet.com",56,346,23,1084,5475,0,0,56,,,"Cheyenne wyoming","https://pbs.twimg.com/profile_banners/987223265826320384/1650175204","https://www.twitter.com/GaryJessop3","https://pbs.twimg.com/profile_images/1515570723263287298/YU2ZdIyt_normal.jpg",false,false,"2018-04-20"
"1709379960094548112","escroteallegra7","tiir ✨️✨️","Samsung Galaxy S23 FE yang designnya plek ketiplek dngn Galaxy A54 5G cm beda chipset dan kapasitas baterai 😁","190",0,2,0,1,0,false,"in",false,false,false,"2023-10-04","",true,false,"-seas lo que seas, sé uno bueno- || ~soy feliz si tu eres feliz~ || recarga de energías, te amo mi amor  || Adios 😉","",367,442,1309,36648,60950,0,0,367,,,"","https://pbs.twimg.com/profile_banners/1589973954/1575990331","https://www.twitter.com/escroteallegra7","https://pbs.twimg.com/profile_images/1701985392453644288/mW8a9HK3_normal.jpg",false,false,"2013-07-13"
"1707794614705344602","Kay_kay4u","Kaykay","@instablog9ja The Android na Samsung Galaxy S23 Ultra

Shey you dey whine me","2220",0,21,2,0,0,false,"en",false,false,false,"2023-09-29","instablog9ja",false,false,"You cannot give what you don't have","",15336,12813,2882,21283,24907,0,0,15336,,,"Earth","https://pbs.twimg.com/profile_banners/939533858596446208/1695043883","https://www.twitter.com/Kay_kay4u","https://pbs.twimg.com/profile_images/1676676662023409695/lEViUKMa_normal.jpg",false,true,"2017-12-09"
"1708888693099073869","Tectuber","Math33n","@AnxiousHolly The last curved display phone from the best display maker, Samsung Galaxy S23 Ultra!😭","310",0,4,1,0,0,false,"en",false,false,false,"2023-10-02","AnxiousHolly",true,true,"Sociopath•Movies•Marvel•Series •Game Of Thrones•Part time YouTuber•Still Studying•Twitter's My Dairy•Tech Nerd.","https://m.youtube.com/channel/UC9-ydvc6o5ic4B5fpsYETkg",178,1599,478,3460,14730,3,0,178,,,"Pillars of CREATIØN!","https://pbs.twimg.com/profile_banners/1445862283125485575/1688294136","https://www.twitter.com/Tectuber","https://pbs.twimg.com/profile_images/1675416949554311169/lqOQQWdi_normal.jpg",false,false,"2021-10-07"
"1709988725445304509","di_egoalves","Cute P.O.S. ☺️","Pixel 8 pro or Samsung Galaxy S23 ultra?

😭😭😭😭","917",0,7,8,0,0,false,"in",false,false,false,"2023-10-05","",true,false,"A culturally unstable polyglot.
Tweets in: 🇵🇹, 🇺🇸, 🇪🇸 e 🇫🇷
 (also 🇯🇵)
PC gamer. Videojogos, café, uma pitada de biscoito e tech stuff.
👻: o_dalves","https://linktr.ee/di_egoalves",1728,582,1612,6821,8470,0,0,1728,,,"Horny Jail, Leiria, Portugal","https://pbs.twimg.com/profile_banners/597983880/1655419019","https://www.twitter.com/di_egoalves","https://pbs.twimg.com/profile_images/1706446215691345920/RJtfS8Oe_normal.jpg",false,false,"2012-06-03"
"1709581399819223211","vrunklesz","Kathryn","Samsung Galaxy S23 kullanan/tavsiye eden var mı? Ben apple fangirl biriyim ama bilemiyorum kamerası güzel gibi geldi bana","841",0,3,2,1,0,false,"tr",false,false,false,"2023-10-04","",false,false,"nothing but clownery 🖤","",1105,134,2575,26828,29992,1,0,1105,,,"","https://pbs.twimg.com/profile_banners/1278079945688838144/1689522494","https://www.twitter.com/vrunklesz","https://pbs.twimg.com/profile_images/1701675653324500992/L2vY0JJx_normal.jpg",false,false,"2020-07-01"
"1708838560709947742","Azarudeen002","Azarudeen Mohamed","I ordered a Samsung Galaxy S23 Ultra @noon  the delivered product had some issues I raised the request but nothing happened.. the customer service gave the fake promises stating that the delivery person will come and collect but it almost 10 days passed and no one came.","81",0,0,1,1,0,false,"en",false,false,false,"2023-10-02","noon",true,true,"Engineer | Technology Aspirant | Foodie |  Dravidian | Living Life with my own terms and Conditions | Tweets are my personal views..","",244,691,21,947,3972,1,0,244,,,"Dubai, United Arab Emirates","https://pbs.twimg.com/profile_banners/1319998862/1544943386","https://www.twitter.com/Azarudeen002","https://pbs.twimg.com/profile_images/1056417620855971840/pfliQD-c_normal.jpg",false,false,"2013-04-01"
"1710132827831087543","bagaicoronay","Khanh Lan","Samsung Galaxy S23 Ultra review: The smartphone with galactic power and a 200 MP camera 📸📷
#SamsungGalaxyS23Ultra #technology #newdaily","498",0,0,1,0,0,false,"en",false,false,false,"2023-10-06","",false,true,"Unleashing the power of technology. Join us on a journey of discovery as we explore the latest advancements, trends, and breakthroughs in the tech industry","",3588,63,18,64,57,0,0,3588,,,"","https://pbs.twimg.com/profile_banners/1645385497437683712/1681490127","https://www.twitter.com/bagaicoronay","https://pbs.twimg.com/profile_images/1646914932359958528/s-4j9rfT_normal.jpg",false,false,"2023-04-10"
"1708305561027035585","UmbroseOunce","Umbrose / Reingarde 🔜 MFF","And new phone ordered. Got a Samsung Galaxy A54 on the way.

Wish it was a S23 Ultra, but the lack of a SD card reader is a complete dealbreaker for me. I hate modern tech sometimes...","160",0,1,0,0,0,false,"en",false,false,false,"2023-10-01","",true,true,"33 ♂️ 🏳️‍🌈 ⚤ | 🇨🇦 🇷🇴 | ❄️🐆 ➕ 🐺 | Single

Coder, nerd, computer juggler, gamer, metalhead🤘, astrophile, furry. A modern Renaissance cat.

🔞 18+ likes!","http://umbrose.com",278,702,144,2817,11760,7,0,278,,,"Toronto, Ontario, Canada","https://pbs.twimg.com/profile_banners/794652761623236608/1560527180","https://www.twitter.com/UmbroseOunce","https://pbs.twimg.com/profile_images/1679222042741166081/AuDLF9f1_normal.jpg",false,false,"2016-11-05"
"1707165325794386277","uHeartMel","Melissa","When the Samsung Galaxy s23 is supposed to be the best phone out there and the silent mode is wack. #smh 😒","47",0,0,1,0,0,false,"en",false,false,false,"2023-09-28","",true,false,"From Bossier City, LA 🦞|Currently live in Columbus, OH| Love to explore and travel 🌎|Also have a little mixed terrier Hal🐾","http://facebook.com/uheartmel",139,523,226,5756,471,7,0,139,,,"Standing behind you! =D","https://pbs.twimg.com/profile_banners/42257281/1493866733","https://www.twitter.com/uHeartMel","https://pbs.twimg.com/profile_images/1670717325664833543/H538vCU3_normal.jpg",false,false,"2009-05-25"
"1708570610312630465","RoyaalThePhenom","Royal","@sondesix @dhsa184646 @subbytech It's like I have the Samsung Galaxy S23 ULTRA AND MY NOTE 20, S20 ULTRA, S21 ULTRA AND OBVIOUSLY IF THOSE 3 ARE BETTER THAN SO IS THE S22 ULTRA which all smokes your outdated built 15 pro max. Don't believe me just go to gsmarena or phone tech websites and compare lmaooo....","361",0,0,1,0,0,false,"en",false,false,false,"2023-10-02","sondesix; dhsa184646; subbytech",true,true,"Deleted at 3.8k • $34K+ Earned and Over 57 Gold Trophies in @callofduty | BL-A-SIAN 🇯🇲🇯🇵 
| Forgive me because I almost always wake up on 😈 time 🤦🏽‍♂️","",27,70,92,581,469,0,0,27,,,"In The Hyperbolic Time Chamber","https://pbs.twimg.com/profile_banners/1491112013728141313/1682899846","https://www.twitter.com/RoyaalThePhenom","https://pbs.twimg.com/profile_images/1681868878941667328/BV4jDFMs_normal.jpg",false,false,"2022-02-08"
"1707984862068514976","WorldTopicsHQ","The Active Leader","@theapplehub I have iPhone 13 am still not upgrading. My next upgrade will be to Samsung galaxy S23 ultra","210",0,1,1,0,0,false,"en",false,false,false,"2023-09-30","theapplehub",true,true,"(Against the alphabet warriors and woke libs) Christ is W | I humble these hoes and bring them to earth | I hold black people accountable.","https://youtube.com/@Africanconservative229",452,542,832,9640,24139,0,0,452,,,"Everywhere","https://pbs.twimg.com/profile_banners/1609877659995049985/1672729555","https://www.twitter.com/WorldTopicsHQ","https://pbs.twimg.com/profile_images/1700029252630982656/9cST5RZg_normal.jpg",false,false,"2023-01-02"
"1710039955257311645","zb1leads","𝙧𝙪𝙗𝙮 ✪","@haozverse I also realized they had samsung galaxy s23 series phones during that fashion thing ricky hanbin and jiwoong attended. its like they had their phones and a galaxy s23 were most of the photos where the phone can be seem are taken with that so maybe its.... samsung?","1280",0,10,0,0,0,false,"en",false,false,false,"2023-10-06","haozverse",true,false,"yakında gunwook collector olacak (olamadı)
          proud and actual ot9✨proud may","https://aboutgnwksruby.carrd.co/",163,310,405,9207,6204,4,0,163,,,"","https://pbs.twimg.com/profile_banners/1669606387641401346/1686900793","https://www.twitter.com/zb1leads","https://pbs.twimg.com/profile_images/1700484306131410944/RzbK3CRi_normal.jpg",false,false,"2023-06-16"
"1709548853605834990","Yudhaccho","Yudhaccho☯︎︎","@bucinizone12 @AREAJULID Samsung s23 ultra
Google pixel 7 pro
samsung galaxy z fold 5
Google pixel 6a
One plus 11
Nothing phone 2","503",1,10,0,0,0,false,"en",false,false,false,"2023-10-04","bucinizone12; AREAJULID",false,false,"Life is pain. 
Pain is both a warning and part of  growth.","https://www.shutterstock.com/g/Yudhaccho",849,66,10971,22560,1876,0,0,849,,,"Ba Sing Se","https://pbs.twimg.com/profile_banners/2420213172/1669646884","https://www.twitter.com/Yudhaccho","https://pbs.twimg.com/profile_images/1674407257176670209/9rygPagD_normal.jpg",false,false,"2014-03-31"
"1709834499436007672","apkhellocom","APKHello","Samsung Galaxy S23 FE officially launched with a 6.4-inch AMOLED display, 50MP main camera, and octa-core processor. Sale starts 5th October. #SamsungGalaxyS23FE #TechLaunch","44",0,0,0,0,0,false,"en",false,false,false,"2023-10-05","",true,true,"APKHello - Your reliable APK Downloader website with a vast selection of Android apps. Free, unrestricted access to APK files worldwide.","https://apkhello.com",13,25,0,247,0,0,0,13,,,"4 PEABODY RD ANX, NH, 03038USA","https://pbs.twimg.com/profile_banners/1680829896468353024/1691545916","https://www.twitter.com/apkhellocom","https://pbs.twimg.com/profile_images/1680830466289696768/bYSjjYdc_normal.png",false,false,"2023-07-17"
"1708077548406464942","YeezyWrld999","Yeezy WRLD 🇦🇷 💙❤","@itelNigeria Iphone 15 Pro Max rebranded with a Samsung Galaxy S23 Plus name 🥴💀","266",0,0,0,0,0,false,"en",false,false,false,"2023-09-30","itelNigeria",true,true,"*Obsessed with technology (smartphones)
*Football's freak! 
*999 to get in here!","",219,396,4184,13565,125206,4,0,219,,,"Guess!","https://pbs.twimg.com/profile_banners/1563856469556166656/1690121867","https://www.twitter.com/YeezyWrld999","https://pbs.twimg.com/profile_images/1704174650366836741/bgeTXuWJ_normal.jpg",false,false,"2022-08-28"
"1707867892794925296","HEARTOFGOLD2","MEDIA INFORMERS","@_oluwaseun9 IPhone 15 pro max with 1TB storage is about  $1500 and Samsung galaxy s23 ultra is about $1600.","149",0,0,0,0,0,false,"en",false,false,false,"2023-09-30","_oluwaseun9",false,false,"An Enterprenuer , industrial  Computer  Programmer, Blogger and Online marketer. Born  in  Lagos Nigeria.  Living in Chicago . IL  USA.","https://techoverall.com/",1222,1930,28081,58139,4674,40,0,1222,,,"Chicago,Il. U S A","https://pbs.twimg.com/profile_banners/73787368/1682900204","https://www.twitter.com/HEARTOFGOLD2","https://pbs.twimg.com/profile_images/1660388680127619074/wkX9N8Vw_normal.jpg",false,false,"2009-09-13"
"1708491780436480382","bbzango","𝕄𝕒𝕟𝕤𝕦𝕣 𝕄𝕦𝕙𝕒𝕞𝕞𝕒𝕕 𝕊𝕒𝕝𝕚𝕤","@android_fhd Although I am #TeamGalaxy but, I am more excited about the launch of the Pixel smartphones. This is because, the launch of Samsung Galaxy S23 FE is never equal to the launch of the flagship smartphones from the giant founder of the whole Android worldwide.","2086",0,13,1,0,0,false,"en",false,false,false,"2023-10-01","android_fhd",false,false,"ForensicScience | Biotechnology |  Biochemistry | CommunityHealth |  Entrepreneurship | TechEnthusiast","https://www.linkedin.com/in/mansur-muhammad-salis-612365a8",451,381,20,1562,4460,1,0,451,,,"Nigeria","https://pbs.twimg.com/profile_banners/893721807878070272/1696364623","https://www.twitter.com/bbzango","https://pbs.twimg.com/profile_images/1612095644939812867/wTo9E3UN_normal.jpg",false,false,"2017-08-05"
"1709605842818159095","KnowGPT","Gaurav","@amazonIN 1) OnePlus NORD 3 
2) iPhone 13
3) Samsung M34 5G 
4) OnePlus Nord 3 5G
5) Redmi 12C.
6) Realme Nazro 60 5G
7) itel A60s
8) Samsung Galaxy S23
9) Lava Blaze 5G
10) IQOO Neo 7Pro 5G
11) Honor 90 5G 
12) Redmi 12 
13) Realme Nazro N50i

#AmazonSmartphoneDreamteam
@amazonIN","16",0,0,0,0,0,false,"en",false,false,false,"2023-10-04","amazonIN; amazonIN",true,false,"","",1,33,13,159,878,0,0,1,,,"",,"https://www.twitter.com/KnowGPT","https://pbs.twimg.com/profile_images/1676819282850889728/109bqavj_normal.jpg",false,false,"2023-05-31"
"1709064685675561253","ImJodyM","Jody Mitoma","Any other Samsung Galaxy S22 or S23 Ultra users out there keep forgetting they have an S-Pen? I used to love my Pen on the Galaxy Note series; and used it every now and again, but for some reason I literally keep forgetting that I even have an S-Pen in my S22 Ultra! 🫣","68",0,1,0,0,0,false,"en",false,false,false,"2023-10-03","",true,true,"• Male • 36 • 🇨🇦
• 53% Fun • 47% Serious
• Website Developer • Tesla Fan 
• Think Logically • Let's Better Humanity","https://metazoohq.com",186,72,131,2116,4264,3,0,186,,,"Edmonton, Alberta","https://pbs.twimg.com/profile_banners/4285841/1669243331","https://www.twitter.com/ImJodyM","https://pbs.twimg.com/profile_images/1595548121685454849/26d-nkPn_normal.jpg",false,false,"2007-04-12"
"1708861336510448032","PatelJay1104","J_A_Y  P_A_T_E_L","@encoword I will definitely go and buy a samsung galaxy s23 ultra. A no nonsense phone","33",0,1,0,0,0,false,"en",false,false,false,"2023-10-02","encoword",false,true,"कर्मण्येवाधिकारस्ते मा फलेषु कदाचन,
मा कर्मफलहेतुर्भूर्मा ते सङ्गोऽस्त्वकर्मणि ||","",105,297,280,4162,2228,1,0,105,,,"","https://pbs.twimg.com/profile_banners/470094675/1694336334","https://www.twitter.com/PatelJay1104","https://pbs.twimg.com/profile_images/1646392288258711552/JUY-7kFJ_normal.jpg",false,false,"2012-01-21"
"1708169075564876260","KhareDivyesh","Divyesh Khare","@amazonIN Here I have guessed all the smartphones 😍🤩:-

OnePlus NORD 3
iPhone 13
Samsung M34 5G
OnePlus Nord 3 5G
Redmi 12C
Realme Nazro 60 5G
itel A60s
Samsung Galaxy S23
Lava Blaze 5G
IQOO Neo 7Pro 5G
Honor 90 5G
Redmi 12
Realme Nazro N50i

#AmazonSmartphoneDreamteam
@amazonIN","138",0,0,0,0,0,false,"en",false,false,false,"2023-09-30","amazonIN; amazonIN",true,true,"Tech Enthusiast📱/ Members of #stufflistingsarmy / Cricket Lover 😍 Loves to watch movies😍/#AmazonIndia #CSK #technoruhez
#Winner 🏆 #travietech #travietchians","",267,499,940,25219,25552,1,0,267,,,"","https://pbs.twimg.com/profile_banners/1472910711302934535/1695544885","https://www.twitter.com/KhareDivyesh","https://pbs.twimg.com/profile_images/1627670259519098880/ZAF4DFBA_normal.jpg",false,false,"2021-12-20"
"1708308036115153023","jsmooth3630","Joshua da man","Samsung galaxy s23 ultra Is way better then a iPhone","36",0,0,0,0,0,false,"en",false,false,false,"2023-10-01","",true,true,"I'm Joshua the comedian/YouTuber Joshua Da Man The Comedian","https://www.youtube.com/channel/UCz8ogp81yJCh7SQDj15U93w?view_as=subscriber",391,320,3562,4528,2128,0,0,391,,,"Houston, TX","https://pbs.twimg.com/profile_banners/2362400828/1603924365","https://www.twitter.com/jsmooth3630","https://pbs.twimg.com/profile_images/1180645149162053633/Ht0DVOj8_normal.jpg",false,false,"2014-02-26"
"1709432875202773336","68acm","Mohammad Ali","Samsung has released several new phones in 2023, including the following:

Samsung Galaxy S23 Ultra

Samsung Galaxy A54

Samsung Galaxy S23

Samsung Galaxy S23 Plus

Samsung Galaxy Z Fold 5

Samsung Galaxy Z Flip 5
#Samsung #SamsungGalaxyS23","145",0,0,0,0,0,false,"in",false,false,false,"2023-10-04","",false,false,"Tech enthusiast 🌟 | Embracing the digital age with excitement and curiosity 📱💻 | Exploring the endless possibilities of technology together! 🚀 #TechLover","",302,237,432,2013,60519,1,0,302,,,"Pakistan","https://pbs.twimg.com/profile_banners/1153963479977603072/1696393436","https://www.twitter.com/68acm","https://pbs.twimg.com/profile_images/1696561007408394240/XYT_Ck0c_normal.jpg",false,false,"2019-07-24"
"1707751048805331375","_the_tech_guy","Nithin Prasad","The Samsung Galaxy S24 series design closely resembles the S23 series.📱✨However, we can expect significant design changes in the S25 series!","1578",0,32,2,2,0,false,"en",false,false,false,"2023-09-29","",true,false,"Just a Random Tech Savvy Person.
Email : thetechguy077@gmail.com","",11965,58,1541,4064,9072,59,0,11965,,,"India","https://pbs.twimg.com/profile_banners/1202424104504061952/1685165623","https://www.twitter.com/_the_tech_guy","https://pbs.twimg.com/profile_images/1652176028930809856/9L4n15rN_normal.jpg",false,false,"2019-12-05"
"1709124810750530029","apkhellocom","APKHello","Samsung Galaxy S23 FE set to launch on the same day as Google Pixel 8, aiming to rival its release. Stay tuned for further details. #Samsung #GooglePixel8 #TechNews","285",0,0,1,0,0,false,"en",false,false,false,"2023-10-03","",true,true,"APKHello - Your reliable APK Downloader website with a vast selection of Android apps. Free, unrestricted access to APK files worldwide.","https://apkhello.com",13,25,0,247,0,0,0,13,,,"4 PEABODY RD ANX, NH, 03038USA","https://pbs.twimg.com/profile_banners/1680829896468353024/1691545916","https://www.twitter.com/apkhellocom","https://pbs.twimg.com/profile_images/1680830466289696768/bYSjjYdc_normal.png",false,false,"2023-07-17"
"1710004550025781694","CoachCWC","Chad Christian - American Dream Trading LLC","Samsung Galaxy S23 Ultra - still one of my favorite phones that have ever come out. Have a good day.","227",0,2,0,0,0,false,"en",false,false,false,"2023-10-06","",false,false,"30 Years of Stock Market Experience, I trade LIVE daily in real time! Over 10,000+ Member Community, we help you from bell open to bell close!","https://www.americandreamtrading.com",14671,236,12022,58074,48950,51,0,14671,,,"Watch Me Trade Live ---","https://pbs.twimg.com/profile_banners/122373761/1680349194","https://www.twitter.com/CoachCWC","https://pbs.twimg.com/profile_images/1502100909421125632/amv48wBJ_normal.jpg",false,true,"2010-03-12"
"1708755183063511289","rokib12350","Rakib khan","Official ✅
Samsung Galaxy S23 FE 5G is launching in India on 4 October, 2023.
#Samsung #GalaxyS23FE","126",0,1,1,0,0,false,"en",false,false,false,"2023-10-02","",true,false,"you  know the latest news and leaks just follow my account","",5191,16,1895,3805,1905,0,0,5191,,,"Dhaka, Bangladesh",,"https://www.twitter.com/rokib12350","https://pbs.twimg.com/profile_images/1663533218119950338/53cQWukr_normal.jpg",false,false,"2022-12-31"
"1707664894311456780","GauchoHemedyy","Gaucho","@NjiwaFLow @babalao__ @Big0047 @__abdulazack @JayleenRickie @KamigakikuMbise @Neypaul01 @TOTTechs @spana_Konki @Rydx_017 Samsung Galaxy S23 ultra is the best","93",0,0,0,5,0,false,"en",false,false,false,"2023-09-29","NjiwaFLow; babalao__; Big0047; __abdulazack; JayleenRickie; KamigakikuMbise; Neypaul01; TOTTechs; spana_Konki; Rydx_017",true,true,"#PostMalone#Barça#ManCity#MESSI..!!GOAT 🐐","",1117,5003,222,8299,1077,1,0,1117,,,"Moshi","https://pbs.twimg.com/profile_banners/1597233371373080576/1696249011","https://www.twitter.com/GauchoHemedyy","https://pbs.twimg.com/profile_images/1709587757973008384/LfsZ2Tl__normal.jpg",false,false,"2022-11-28"
"1709648915199336772","mrjulot","Jérôme 🇫🇷🇷🇸🇭🇷🇵🇱","@LelloucheNico Fallait prendre 1 autre iPhone ou Samsung Galaxy s23 ultra ^^","379",0,0,0,0,0,false,"en",false,false,false,"2023-10-05","LelloucheNico",true,false,"Bouillon de culture et d'envie d'apprendre.
Avec un zeste d'idiotie et d'absurde également.","",290,868,1044,13059,14550,0,0,290,,,"","https://pbs.twimg.com/profile_banners/148445886/1564073477","https://www.twitter.com/mrjulot","https://pbs.twimg.com/profile_images/1684266644787322886/DJVHrEdm_normal.jpg",false,false,"2010-05-27"
"1708115531021365600","serailkiller2","eisha","@pingaapongaaa Samsung galaxy s23 is andriod oh girl you are so annoying now I understand why everyone calls you annoying there are so many andriod phones costing more than iphones 😭 omggg you guys can do anything  just to look rich iPhone ka battery backup is fucked up","1225",1,1,0,0,1,false,"en",false,false,false,"2023-09-30","pingaapongaaa",true,false,"","",119,148,7,1065,1757,0,0,119,,,"","https://pbs.twimg.com/profile_banners/1293503124749971457/1612941821","https://www.twitter.com/serailkiller2","https://pbs.twimg.com/profile_images/1671420927190638592/xgrHm2JT_normal.jpg",false,false,"2020-08-12"
"1707438258937069763","yjhanloml","zie.","canvassing!
lf phone to rent want to rent 

samsung galaxy s22/s23 phone for seventeen concert on january 13, 2024","150",0,0,0,0,0,false,"en",false,false,false,"2023-09-28","",true,false,"20+ she/they | #ziesells for proof","",365,305,10079,46000,21491,6,0,365,,,"","https://pbs.twimg.com/profile_banners/1285199615369699330/1695058552","https://www.twitter.com/yjhanloml","https://pbs.twimg.com/profile_images/1705220496063922176/8JnZ5Mkv_normal.jpg",false,false,"2020-07-20"
"1708100310101524746","kubraxrep13","k͙ü͙b͙s͙ ⎊ (Taylor's Version)","Kızılcık şerbeti izliyorum canım Samsung Galaxy S23 ultra çekti","566",0,11,1,0,0,false,"tr",false,false,false,"2023-09-30","",false,false,"𝐺𝑒𝑛𝑖𝑢𝑠, 𝐵𝑖𝑙𝑙𝑖𝑜𝑛𝑎𝑖𝑟𝑒, 𝑃𝑙𝑎𝑦𝑏𝑜𝑦, 𝑃𝒉𝑖𝑙𝑎𝑛𝑡𝒉𝑟𝑜𝑝𝑖𝑠𝑡 | 𝖗𝖊𝖕 𝖘𝖙𝖆𝖓 🐍","",1527,2415,445,9498,0,2,0,1527,,,"","https://pbs.twimg.com/profile_banners/2763313276/1689757989","https://www.twitter.com/kubraxrep13","https://pbs.twimg.com/profile_images/1699313435559821312/FY9KjOnd_normal.jpg",false,false,"2014-09-07"
"1707533098563391675","GlytchedGames","Glytched ","@sergio_de_ennin @PicturesFoIder Samsung Galaxy S23 Ultra
Samsung Galaxy S23
Samsung Galaxy A54
Samsung Galaxy A34
Samsung Galaxy A24
Samsung Galaxy A14
Samsung Galaxy A04
Samsung Galaxy Z Flip 5
Samsung Galaxy Z Fold 5

And that's just this year's phones","5879",2,70,4,0,0,false,"in",false,false,false,"2023-09-29","sergio_de_ennin; PicturesFoIder",false,false,"Professional dumbass
Film, horror, gaming enthusiast
14 y/o
Pedos/Zoos/Dream Stans/MAGAs DNI","https://youtube.com/channel/UCd51v3oohgBttbWiABCikGg",107,791,540,5696,479,2,0,107,,,"hell (united states)","https://pbs.twimg.com/profile_banners/1572778342205497344/1688825413","https://www.twitter.com/GlytchedGames","https://pbs.twimg.com/profile_images/1654323503238094850/q9dZiIHU_normal.jpg",false,false,"2022-09-22"
"1709266514044743819","GaryJessop3","Coyote Gary","@RjeyTech Yes we do so im wondering how anyone would think a iPhone 15 pro can possibly be better than a  Samsung galaxy s23 ultra","236",0,4,0,0,0,false,"en",false,false,false,"2023-10-03","RjeyTech",false,true,"FWA internet service Coyote Comunicatons","http://www.coyoteinternet.com",56,346,23,1084,5475,0,0,56,,,"Cheyenne wyoming","https://pbs.twimg.com/profile_banners/987223265826320384/1650175204","https://www.twitter.com/GaryJessop3","https://pbs.twimg.com/profile_images/1515570723263287298/YU2ZdIyt_normal.jpg",false,false,"2018-04-20"
"1709525522860945568","appletesterrus","Yaroslav Gavrilov ","The newest Samsung Galaxy S23 FE is already available for order in Russia","20",0,0,0,0,0,false,"en",false,false,false,"2023-10-04","",false,true,"SQA engineer (iOS, iPadOS). I write interesting IT articles. Perfectionist. I love nature, cars architecture and abandoned objects.","",284,63,3000,151094,2187,0,0,284,,,"Москва, Россия","https://pbs.twimg.com/profile_banners/1406474814701854720/1640538977","https://www.twitter.com/appletesterrus","https://pbs.twimg.com/profile_images/1461613854157418500/8XjqbPW3_normal.jpg",false,false,"2021-06-20"
"1709879593639842138","OrlandoWhale","D E S S I E","Celebrate the joy of splurging today! 😄

New releases to check out:
- Google Pixel 8 series
- Samsung Galaxy S23 FE
- Vivo V29 series","117",0,0,0,0,0,false,"en",false,false,false,"2023-10-05","",false,true,"Blackrock
Creating crypto-backed assets, Analyzing smart contract code
#CloudComputingSecurity #CloudServices #Digitalart
Tokenomics advisor
NFA","",1,4,0,17,4,0,0,1,,,"New Vivienneview","https://pbs.twimg.com/profile_banners/1640362905840263169/1681358993","https://www.twitter.com/OrlandoWhale","https://pbs.twimg.com/profile_images/1646365054319702016/Vx67JSp8_normal.jpg",false,false,"2023-03-27"
"1706881122867572985","chargasm","CharGasM","I am buying new phone it needs to be smaller size. I am thinking Samsung galaxy s23 or iphone 15 or iphone 15 pro but it haves heating issues i read from news. What you guys and girls recomend #Apple #AppleEvent2023 #Samsung #SamsungGalaxy @Dee_Batch","250",0,0,0,0,0,false,"en",false,false,false,"2023-09-27","Dee_Batch",false,true,"Loves gaming and movies
(this is my new account)","",88,48,226,1753,4242,2,0,88,,,"Tampere, Finland","https://pbs.twimg.com/profile_banners/1682421735583277056/1690977346","https://www.twitter.com/chargasm","https://pbs.twimg.com/profile_images/1686707358876020736/kMAXG8XR_normal.jpg",false,false,"2023-07-21"
"1709138376098505016","smartkeystone","SmartKeystone","📱 Dive into the world of flagship smartphones with my latest review on the Samsung Galaxy S23 Plus! 🌟 From its powerful 50MP camera with Night Mode to its adaptive display, it's the ultimate Android experience for tech enthusiasts. Discover why it's making waves in the…","16",0,0,0,0,0,false,"en",false,false,false,"2023-10-03","",false,true,"💡 Illuminating the tech maze! 📸📺💻 Felix' Review: where gadgets meet honest opinions. Join our tech journey! 🛍️✨ #TechReview","https://www.felixreview.com/",1,1,0,22,1,1,0,1,,,"United States","https://pbs.twimg.com/profile_banners/1694010258140635136/1693249497","https://www.twitter.com/smartkeystone","https://pbs.twimg.com/profile_images/1694011136562102273/OxrzKK_1_normal.jpg",false,true,"2023-08-22"
"1710133365675049372","bagaicoronay","Khanh Lan","In terms of price, the Samsung Galaxy S23 Ultra is not cheap. For example, the lowest-priced model with 8 GB RAM and 256 GB internal memory starts at US$1199.99, followed by the 512 GB and 1 TB variants for $1379.99 and $1619.99, respectively.","300",0,1,0,1,0,false,"en",false,false,false,"2023-10-06","",false,true,"Unleashing the power of technology. Join us on a journey of discovery as we explore the latest advancements, trends, and breakthroughs in the tech industry","",3588,63,18,64,57,0,0,3588,,,"","https://pbs.twimg.com/profile_banners/1645385497437683712/1681490127","https://www.twitter.com/bagaicoronay","https://pbs.twimg.com/profile_images/1646914932359958528/s-4j9rfT_normal.jpg",false,false,"2023-04-10"
"1709339690862800982","Pradeepvr27","Wear Mask & Stay Safe 🙏","@amazonIN 1) OnePlus NORD 3
2) iPhone 13
3) Samsung M34 5G
4) OnePlus Nord 3 5G
5) Redmi 12C
6) Realme Nazro 60 5G
7) itel A60s
8) Samsung Galaxy S23
9) Lava Blaze 5G
10) IQOO Neo 7Pro 5G
11) Honor 90 5G
12) Redmi 12
13) Realme Nazro N50i

@amazonIN 
#AmazonSmartphoneDreamteam ♥️","102",0,0,0,0,0,false,"en",false,false,false,"2023-10-04","amazonIN; amazonIN",false,true,"Live In The Moment","",34,958,61989,68060,6670,0,0,34,,,"","https://pbs.twimg.com/profile_banners/830367414676172800/1625248936","https://www.twitter.com/Pradeepvr27","https://pbs.twimg.com/profile_images/1407047585173549057/u7LLzQhO_normal.jpg",false,false,"2017-02-11"